event_message,id,identifier,method,path,search,status_code,timestamp
HEAD | 200 | 54.246.177.27 | 9ca480cc2c871b83 | https://eeqayafsbxvrvpiycbir.supabase.co/rest-admin/v1/ready | @supabase-infra/mgmt-api/c165916,473ff083-b2d0-4f2e-bcee-4c0dab757815,eeqayafsbxvrvpiycbir,HEAD,/rest-admin/v1/ready,null,200,1770484251554000
GET | 200 | 54.246.177.27 | 9ca480cc2e9cb0d8 | https://eeqayafsbxvrvpiycbir.supabase.co/auth/v1/health | @supabase-infra/mgmt-api/c165916,c3b74762-adb5-44b3-95de-3f0a71abfb6d,eeqayafsbxvrvpiycbir,GET,/auth/v1/health,null,200,1770484251547000
POST | 200 | 3.81.130.252 | 9ca47e6b088dd6e1 | https://eeqayafsbxvrvpiycbir.supabase.co/rest/v1/rpc/get_active_giveaway_for_user | node,3ba55478-2999-4835-8444-51afd6f18d04,eeqayafsbxvrvpiycbir,POST,/rest/v1/rpc/get_active_giveaway_for_user,null,200,1770484154092000
PATCH | 200 | 3.81.130.252 | 9ca47e6acfccd6e1 | https://eeqayafsbxvrvpiycbir.supabase.co/rest/v1/users?telegram_id=eq.7224027730&select=* | node,9edf3858-1cc1-461b-8321-4ff9030b3da6,eeqayafsbxvrvpiycbir,PATCH,/rest/v1/users,?telegram_id=eq.7224027730&select=*,200,1770484154057000
GET | 200 | 3.81.130.252 | 9ca47e6a7ee3d6e1 | https://eeqayafsbxvrvpiycbir.supabase.co/rest/v1/users?select=*&telegram_id=eq.7224027730 | node,585c5da4-c7c6-4074-9306-a55a40d33068,eeqayafsbxvrvpiycbir,GET,/rest/v1/users,?select=*&telegram_id=eq.7224027730,200,1770484154009000
POST | 200 | 3.81.130.252 | 9ca47e5e68a938a3 | https://eeqayafsbxvrvpiycbir.supabase.co/rest/v1/rpc/get_leaderboard_stats | node,f6359d35-a6d9-4179-acce-53fcaaa0b4ec,eeqayafsbxvrvpiycbir,POST,/rest/v1/rpc/get_leaderboard_stats,null,200,1770484152080000
POST | 200 | 3.81.130.252 | 9ca47e5e2aedd6e1 | https://eeqayafsbxvrvpiycbir.supabase.co/rest/v1/rpc/get_user_rank | node,a1525ff8-d1dd-44fa-8f1b-986bf6c29e05,eeqayafsbxvrvpiycbir,POST,/rest/v1/rpc/get_user_rank,null,200,1770484152035000
POST | 200 | 3.81.130.252 | 9ca47e5dcffb38a3 | https://eeqayafsbxvrvpiycbir.supabase.co/rest/v1/rpc/get_leaderboard | node,fef64880-1e57-4148-b0b6-a3cfd0037d67,eeqayafsbxvrvpiycbir,POST,/rest/v1/rpc/get_leaderboard,null,200,1770484151979000
POST | 201 | 3.81.130.252 | 9ca47e5d68d7d6e1 | https://eeqayafsbxvrvpiycbir.supabase.co/rest/v1/audit_logs | node,c37052f2-a4fc-48a2-abcf-0cdadc4ab745,eeqayafsbxvrvpiycbir,POST,/rest/v1/audit_logs,null,201,1770484151915000
HEAD | 200 | 3.81.130.252 | 9ca47e40ed7ca3be | https://eeqayafsbxvrvpiycbir.supabase.co/rest/v1/story_chapters?select=*&theme_id=eq.bd084d1b-5640-43af-a32c-1a2694685886&is_active=eq.true | node,06ccbf0a-9afc-415c-bf09-565c1191416e,eeqayafsbxvrvpiycbir,HEAD,/rest/v1/story_chapters,?select=*&theme_id=eq.bd084d1b-5640-43af-a32c-1a2694685886&is_active=eq.true,200,1770484147384000
HEAD | 200 | 3.81.130.252 | 9ca47e40eb5dd6a3 | https://eeqayafsbxvrvpiycbir.supabase.co/rest/v1/story_chapters?select=*&theme_id=eq.bee8bb3a-2c7f-4687-9724-9836103d8fe7&is_active=eq.true | node,72fde9b4-ec0a-4884-89c1-cdd8b82741ad,eeqayafsbxvrvpiycbir,HEAD,/rest/v1/story_chapters,?select=*&theme_id=eq.bee8bb3a-2c7f-4687-9724-9836103d8fe7&is_active=eq.true,200,1770484147372000
HEAD | 200 | 3.81.130.252 | 9ca47e40edd07048 | https://eeqayafsbxvrvpiycbir.supabase.co/rest/v1/story_chapters?select=*&theme_id=eq.ee5ab9d5-c8a5-46d6-848c-e71618442403&is_active=eq.true | node,249f8af4-bd06-4dff-bd08-7fee738b812f,eeqayafsbxvrvpiycbir,HEAD,/rest/v1/story_chapters,?select=*&theme_id=eq.ee5ab9d5-c8a5-46d6-848c-e71618442403&is_active=eq.true,200,1770484147369000
HEAD | 200 | 3.81.130.252 | 9ca47e40ef1a874a | https://eeqayafsbxvrvpiycbir.supabase.co/rest/v1/story_chapters?select=*&theme_id=eq.8e8370e1-dbac-409f-8094-0b5e614bc2e1&is_active=eq.true | node,de7636c4-c344-417c-8ad2-4b338ba1106a,eeqayafsbxvrvpiycbir,HEAD,/rest/v1/story_chapters,?select=*&theme_id=eq.8e8370e1-dbac-409f-8094-0b5e614bc2e1&is_active=eq.true,200,1770484147363000
HEAD | 200 | 3.81.130.252 | 9ca47e40ec2be5f8 | https://eeqayafsbxvrvpiycbir.supabase.co/rest/v1/story_chapters?select=*&theme_id=eq.18fac2e8-361c-469f-be67-fa413e49f5a6&is_active=eq.true | node,2a3f0a2f-0b75-42cd-b2b6-70bf93d1502d,eeqayafsbxvrvpiycbir,HEAD,/rest/v1/story_chapters,?select=*&theme_id=eq.18fac2e8-361c-469f-be67-fa413e49f5a6&is_active=eq.true,200,1770484147356000
HEAD | 200 | 3.81.130.252 | 9ca47e40daeed6dd | https://eeqayafsbxvrvpiycbir.supabase.co/rest/v1/story_chapters?select=*&theme_id=eq.607ba5b4-1597-4bfc-af21-c057489d153d&is_active=eq.true | node,4ea4ca02-43c4-458a-b16b-6235f1b92d6c,eeqayafsbxvrvpiycbir,HEAD,/rest/v1/story_chapters,?select=*&theme_id=eq.607ba5b4-1597-4bfc-af21-c057489d153d&is_active=eq.true,200,1770484147350000
GET | 200 | 54.159.165.80 | 9ca47e40de990831 | https://eeqayafsbxvrvpiycbir.supabase.co/rest/v1/event_leaderboard?select=total_pp%2Cchapters_completed%2Clast_updated%2Cuser_id%2Cusers%28first_name%29&theme=eq.f983b046-bf41-4b73-b75d-65dee6101288&order=total_pp.desc&limit=100 | node,d60d274f-cc02-4dcb-a941-622323ef835a,eeqayafsbxvrvpiycbir,GET,/rest/v1/event_leaderboard,?select=total_pp%2Cchapters_completed%2Clast_updated%2Cuser_id%2Cusers%28first_name%29&theme=eq.f983b046-bf41-4b73-b75d-65dee6101288&order=total_pp.desc&limit=100,200,1770484147346000
HEAD | 200 | 3.81.130.252 | 9ca47e40dfb59c19 | https://eeqayafsbxvrvpiycbir.supabase.co/rest/v1/story_chapters?select=*&theme_id=eq.bd4d3afc-3d88-4bc0-961c-2b2b60bc54ff&is_active=eq.true | node,94ab4b23-6bbb-4c7d-ade8-42d1668df88c,eeqayafsbxvrvpiycbir,HEAD,/rest/v1/story_chapters,?select=*&theme_id=eq.bd4d3afc-3d88-4bc0-961c-2b2b60bc54ff&is_active=eq.true,200,1770484147345000
GET | 200 | 3.81.130.252 | 9ca47e408f6a9c19 | https://eeqayafsbxvrvpiycbir.supabase.co/rest/v1/themes?select=id%2Cname%2Ctitle%2Cdescription%2Cemoji%2Cis_active%2Ctotal_chapters%2Cis_event&is_active=eq.true&is_event=eq.false&order=name.asc | node,f4ab03dc-633b-4ab3-acce-535ef0134588,eeqayafsbxvrvpiycbir,GET,/rest/v1/themes,?select=id%2Cname%2Ctitle%2Cdescription%2Cemoji%2Cis_active%2Ctotal_chapters%2Cis_event&is_active=eq.true&is_event=eq.false&order=name.asc,200,1770484147301000
GET | 406 | 54.159.165.80 | 9ca47e408e3c0831 | https://eeqayafsbxvrvpiycbir.supabase.co/rest/v1/themes?select=name&name=ilike.f983b046-bf41-4b73-b75d-65dee6101288 | node,234e94a4-ec70-41ca-b7fd-7b6313455bf0,eeqayafsbxvrvpiycbir,GET,/rest/v1/themes,?select=name&name=ilike.f983b046-bf41-4b73-b75d-65dee6101288,406,1770484147293000
POST | 200 | 54.159.165.80 | 9ca47e403df40831 | https://eeqayafsbxvrvpiycbir.supabase.co/rest/v1/rpc/get_active_event | node,298c1b25-6b3e-4468-a0da-f998a441da6d,eeqayafsbxvrvpiycbir,POST,/rest/v1/rpc/get_active_event,null,200,1770484147249000
POST | 200 | 3.81.130.252 | 9ca47e403895d6dd | https://eeqayafsbxvrvpiycbir.supabase.co/rest/v1/rpc/deactivate_expired_events | node,5e5b2618-4744-45b9-be45-5eebbc5ef562,eeqayafsbxvrvpiycbir,POST,/rest/v1/rpc/deactivate_expired_events,null,200,1770484147245000
GET | 200 | 54.159.165.80 | 9ca47df19bdce62b | https://eeqayafsbxvrvpiycbir.supabase.co/rest/v1/themes?select=is_event%2Cis_active%2Cevent_start_date%2Cevent_end_date&name=ilike.comedy | node,46696dc1-efae-44d2-ad52-a7f2bc89a96a,eeqayafsbxvrvpiycbir,GET,/rest/v1/themes,?select=is_event%2Cis_active%2Cevent_start_date%2Cevent_end_date&name=ilike.comedy,200,1770484134672000
GET | 200 | 54.159.165.80 | 9ca47df1692e058c | https://eeqayafsbxvrvpiycbir.supabase.co/rest/v1/user_progress?select=*&user_id=eq.fdea8ef7-bab4-44aa-8e6b-b6ee49ef105f | node,15970875-5f9c-4fe3-90ee-b30fe092bcd1,eeqayafsbxvrvpiycbir,GET,/rest/v1/user_progress,?select=*&user_id=eq.fdea8ef7-bab4-44aa-8e6b-b6ee49ef105f,200,1770484134631000
POST | 204 | 54.159.165.80 | 9ca47df12abae62b | https://eeqayafsbxvrvpiycbir.supabase.co/rest/v1/rpc/increment_global_stat | node,925f7ee5-a682-4d20-89ec-548fc26b0024,eeqayafsbxvrvpiycbir,POST,/rest/v1/rpc/increment_global_stat,null,204,1770484134592000
GET | 200 | 54.159.165.80 | 9ca47df0d8a5058c | https://eeqayafsbxvrvpiycbir.supabase.co/rest/v1/themes?select=name%2Cis_event%2Cis_active%2Cevent_start_date%2Cevent_end_date&name=ilike.comedy | node,4e4768b4-3f66-4506-9c33-c9265365025e,eeqayafsbxvrvpiycbir,GET,/rest/v1/themes,?select=name%2Cis_event%2Cis_active%2Cevent_start_date%2Cevent_end_date&name=ilike.comedy,200,1770484134550000
GET | 200 | 54.159.165.80 | 9ca47df0a99ce62b | https://eeqayafsbxvrvpiycbir.supabase.co/rest/v1/user_progress?select=total_pp%2Cchapters_completed%2Cthemes_completed%2Ccompleted_themes&user_id=eq.fdea8ef7-bab4-44aa-8e6b-b6ee49ef105f | node,8fd78114-5866-4fcf-9e0b-1cc2616912a2,eeqayafsbxvrvpiycbir,GET,/rest/v1/user_progress,?select=total_pp%2Cchapters_completed%2Cthemes_completed%2Ccompleted_themes&user_id=eq.fdea8ef7-bab4-44aa-8e6b-b6ee49ef105f,200,1770484134518000
PATCH | 204 | 54.159.165.80 | 9ca47df04802058c | https://eeqayafsbxvrvpiycbir.supabase.co/rest/v1/user_progress?user_id=eq.fdea8ef7-bab4-44aa-8e6b-b6ee49ef105f | node,9214d991-a9b3-4f4f-a9b8-49a481dc260e,eeqayafsbxvrvpiycbir,PATCH,/rest/v1/user_progress,?user_id=eq.fdea8ef7-bab4-44aa-8e6b-b6ee49ef105f,204,1770484134464000
POST | 204 | 54.159.165.80 | 9ca47df00fcde62b | https://eeqayafsbxvrvpiycbir.supabase.co/rest/v1/rpc/update_theme_progress | node,8efc1c0f-4083-486d-8d6c-777d2498d907,eeqayafsbxvrvpiycbir,POST,/rest/v1/rpc/update_theme_progress,null,204,1770484134424000
GET | 200 | 54.159.165.80 | 9ca47defdf3fe62b | https://eeqayafsbxvrvpiycbir.supabase.co/rest/v1/user_progress?select=*&user_id=eq.fdea8ef7-bab4-44aa-8e6b-b6ee49ef105f | node,48a3062a-cdac-4992-af68-fa13bb762f55,eeqayafsbxvrvpiycbir,GET,/rest/v1/user_progress,?select=*&user_id=eq.fdea8ef7-bab4-44aa-8e6b-b6ee49ef105f,200,1770484134388000
POST | 200 | 54.159.165.80 | 9ca47defaecbe62b | https://eeqayafsbxvrvpiycbir.supabase.co/rest/v1/rpc/get_theme_progress | node,6e7d8ddf-e1ee-4523-8dc1-984ed1bb8c5c,eeqayafsbxvrvpiycbir,POST,/rest/v1/rpc/get_theme_progress,null,200,1770484134356000
GET | 200 | 54.159.165.80 | 9ca47def6f05058c | https://eeqayafsbxvrvpiycbir.supabase.co/rest/v1/themes?select=is_event%2Cis_active%2Cevent_start_date%2Cevent_end_date&name=ilike.comedy | node,8754bfb7-3dfd-4778-bec5-2eb0e759ec8a,eeqayafsbxvrvpiycbir,GET,/rest/v1/themes,?select=is_event%2Cis_active%2Cevent_start_date%2Cevent_end_date&name=ilike.comedy,200,1770484134319000
GET | 200 | 54.159.165.80 | 9ca47def3d91e62b | https://eeqayafsbxvrvpiycbir.supabase.co/rest/v1/pp_audit?select=pp_gained&user_id=eq.fdea8ef7-bab4-44aa-8e6b-b6ee49ef105f&theme=neq.ONBOARDING_BONUS&created_at=gte.2026-02-06T17%3A08%3A54.272Z | node,8f47fb86-cd11-4436-ad44-7919d678233a,eeqayafsbxvrvpiycbir,GET,/rest/v1/pp_audit,?select=pp_gained&user_id=eq.fdea8ef7-bab4-44aa-8e6b-b6ee49ef105f&theme=neq.ONBOARDING_BONUS&created_at=gte.2026-02-06T17%3A08%3A54.272Z,200,1770484134285000
GET | 200 | 54.159.165.80 | 9ca47deefe6b058c | https://eeqayafsbxvrvpiycbir.supabase.co/rest/v1/pp_audit?select=pp_gained&user_id=eq.fdea8ef7-bab4-44aa-8e6b-b6ee49ef105f&theme=neq.ONBOARDING_BONUS&created_at=gte.2026-02-07T16%3A08%3A54.231Z | node,da3294ec-dd7b-4e6f-8080-e428867934ea,eeqayafsbxvrvpiycbir,GET,/rest/v1/pp_audit,?select=pp_gained&user_id=eq.fdea8ef7-bab4-44aa-8e6b-b6ee49ef105f&theme=neq.ONBOARDING_BONUS&created_at=gte.2026-02-07T16%3A08%3A54.231Z,200,1770484134248000
POST | 204 | 54.159.165.80 | 9ca47deebc1fe62b | https://eeqayafsbxvrvpiycbir.supabase.co/rest/v1/rpc/increment_global_stat | node,0d9e219a-a500-4504-8b50-fce871b1b89b,eeqayafsbxvrvpiycbir,POST,/rest/v1/rpc/increment_global_stat,null,204,1770484134210000
POST | 200 | 54.159.165.80 | 9ca47dee7b83e62b | https://eeqayafsbxvrvpiycbir.supabase.co/rest/v1/rpc/get_theme_progress | node,853b6cdf-0c45-497d-9789-5c6ee7d6667b,eeqayafsbxvrvpiycbir,POST,/rest/v1/rpc/get_theme_progress,null,200,1770484134170000
POST | 201 | 54.159.165.80 | 9ca47dee1d80058c | https://eeqayafsbxvrvpiycbir.supabase.co/rest/v1/audit_logs | node,cbe37630-81c5-4bb3-88b6-abd108249b8c,eeqayafsbxvrvpiycbir,POST,/rest/v1/audit_logs,null,201,1770484134121000
PATCH | 204 | 54.159.165.80 | 9ca47dedb9a3e62b | https://eeqayafsbxvrvpiycbir.supabase.co/rest/v1/rate_limits?id=eq.29fc4477-2717-4a63-85bc-952f42e157e7 | node,89343a47-a785-4129-be42-84310236308a,eeqayafsbxvrvpiycbir,PATCH,/rest/v1/rate_limits,?id=eq.29fc4477-2717-4a63-85bc-952f42e157e7,204,1770484134046000
GET | 200 | 54.159.165.80 | 9ca47ded4871e62b | https://eeqayafsbxvrvpiycbir.supabase.co/rest/v1/rate_limits?select=*&user_id=eq.fdea8ef7-bab4-44aa-8e6b-b6ee49ef105f&order=id.desc&limit=1 | node,704ca066-6f16-4ad1-96b9-89f7839a51b7,eeqayafsbxvrvpiycbir,GET,/rest/v1/rate_limits,?select=*&user_id=eq.fdea8ef7-bab4-44aa-8e6b-b6ee49ef105f&order=id.desc&limit=1,200,1770484133994000
POST | 204 | 54.159.165.80 | 9ca47db47892da36 | https://eeqayafsbxvrvpiycbir.supabase.co/rest/v1/rpc/increment_global_stat | node,a020349d-b6cc-4887-8da0-34adcaca699e,eeqayafsbxvrvpiycbir,POST,/rest/v1/rpc/increment_global_stat,null,204,1770484124888000
POST | 200 | 54.159.165.80 | 9ca47db44818da36 | https://eeqayafsbxvrvpiycbir.supabase.co/rest/v1/rpc/get_theme_progress | node,cb2429c5-b284-4b3e-aac5-d785174b42d3,eeqayafsbxvrvpiycbir,POST,/rest/v1/rpc/get_theme_progress,null,200,1770484124852000
POST | 201 | 54.159.165.80 | 9ca47db40d37c99c | https://eeqayafsbxvrvpiycbir.supabase.co/rest/v1/audit_logs | node,953e66d0-8255-4540-9c63-560140833788,eeqayafsbxvrvpiycbir,POST,/rest/v1/audit_logs,null,201,1770484124818000
PATCH | 204 | 54.159.165.80 | 9ca47db3ceb1da36 | https://eeqayafsbxvrvpiycbir.supabase.co/rest/v1/rate_limits?id=eq.29fc4477-2717-4a63-85bc-952f42e157e7 | node,8d991440-2e62-4b8f-8165-247d676d3a40,eeqayafsbxvrvpiycbir,PATCH,/rest/v1/rate_limits,?id=eq.29fc4477-2717-4a63-85bc-952f42e157e7,204,1770484124775000
GET | 200 | 54.159.165.80 | 9ca47db38df0da36 | https://eeqayafsbxvrvpiycbir.supabase.co/rest/v1/rate_limits?select=*&user_id=eq.fdea8ef7-bab4-44aa-8e6b-b6ee49ef105f&order=id.desc&limit=1 | node,05c878db-62e1-40d2-ade2-79f18a6de28c,eeqayafsbxvrvpiycbir,GET,/rest/v1/rate_limits,?select=*&user_id=eq.fdea8ef7-bab4-44aa-8e6b-b6ee49ef105f&order=id.desc&limit=1,200,1770484124740000
GET | 200 | 54.159.165.80 | 9ca47d95ab5ae670 | https://eeqayafsbxvrvpiycbir.supabase.co/rest/v1/user_progress?select=*&user_id=eq.fdea8ef7-bab4-44aa-8e6b-b6ee49ef105f | node,1848a8aa-a164-4b68-a0d7-ec3c8c1ba79b,eeqayafsbxvrvpiycbir,GET,/rest/v1/user_progress,?select=*&user_id=eq.fdea8ef7-bab4-44aa-8e6b-b6ee49ef105f,200,1770484119953000
POST | 204 | 54.159.165.80 | 9ca47d9569c7690e | https://eeqayafsbxvrvpiycbir.supabase.co/rest/v1/rpc/increment_global_stat | node,b960a67b-306f-441d-b9cc-cc21c127d8a8,eeqayafsbxvrvpiycbir,POST,/rest/v1/rpc/increment_global_stat,null,204,1770484119916000
POST | 200 | 54.159.165.80 | 9ca47d95298d690e | https://eeqayafsbxvrvpiycbir.supabase.co/rest/v1/rpc/get_theme_progress | node,7c6cee37-a519-486c-bad4-6c97658b68e6,eeqayafsbxvrvpiycbir,POST,/rest/v1/rpc/get_theme_progress,null,200,1770484119877000
POST | 201 | 54.159.165.80 | 9ca47d94d8d0e670 | https://eeqayafsbxvrvpiycbir.supabase.co/rest/v1/audit_logs | node,558e054b-e355-4e9f-ab23-8d90293be811,eeqayafsbxvrvpiycbir,POST,/rest/v1/audit_logs,null,201,1770484119830000
PATCH | 204 | 54.159.165.80 | 9ca47d94992d690e | https://eeqayafsbxvrvpiycbir.supabase.co/rest/v1/rate_limits?id=eq.29fc4477-2717-4a63-85bc-952f42e157e7 | node,ce97646b-6a30-4a06-ab0d-21eafd01a827,eeqayafsbxvrvpiycbir,PATCH,/rest/v1/rate_limits,?id=eq.29fc4477-2717-4a63-85bc-952f42e157e7,204,1770484119786000
GET | 200 | 54.159.165.80 | 9ca47d9438e7690e | https://eeqayafsbxvrvpiycbir.supabase.co/rest/v1/rate_limits?select=*&user_id=eq.fdea8ef7-bab4-44aa-8e6b-b6ee49ef105f&order=id.desc&limit=1 | node,668fb8a8-b3d4-484e-93ad-4634ca663797,eeqayafsbxvrvpiycbir,GET,/rest/v1/rate_limits,?select=*&user_id=eq.fdea8ef7-bab4-44aa-8e6b-b6ee49ef105f&order=id.desc&limit=1,200,1770484119733000
POST | 204 | 54.159.165.80 | 9ca47d77b8735001 | https://eeqayafsbxvrvpiycbir.supabase.co/rest/v1/rpc/increment_global_stat | node,80f9455e-f83e-4a6b-bc4e-ba485cb8c4c4,eeqayafsbxvrvpiycbir,POST,/rest/v1/rpc/increment_global_stat,null,204,1770484115174000
POST | 200 | 54.159.165.80 | 9ca47d778fc55001 | https://eeqayafsbxvrvpiycbir.supabase.co/rest/v1/rpc/get_theme_progress | node,30681124-450e-4f53-98c5-8b374db548a7,eeqayafsbxvrvpiycbir,POST,/rest/v1/rpc/get_theme_progress,null,200,1770484115132000
POST | 201 | 54.159.165.80 | 9ca47d7739aa05f6 | https://eeqayafsbxvrvpiycbir.supabase.co/rest/v1/audit_logs | node,b3312f8c-6bc0-49c7-aebb-65a3fc1e8e3c,eeqayafsbxvrvpiycbir,POST,/rest/v1/audit_logs,null,201,1770484115087000
PATCH | 204 | 54.159.165.80 | 9ca47d76edea5001 | https://eeqayafsbxvrvpiycbir.supabase.co/rest/v1/rate_limits?id=eq.29fc4477-2717-4a63-85bc-952f42e157e7 | node,4f9228a6-26be-403f-b8a3-ba8a12506af5,eeqayafsbxvrvpiycbir,PATCH,/rest/v1/rate_limits,?id=eq.29fc4477-2717-4a63-85bc-952f42e157e7,204,1770484115032000
GET | 200 | 54.159.165.80 | 9ca47d76ad2f5001 | https://eeqayafsbxvrvpiycbir.supabase.co/rest/v1/rate_limits?select=*&user_id=eq.fdea8ef7-bab4-44aa-8e6b-b6ee49ef105f&order=id.desc&limit=1 | node,b8ecd22b-6fb0-42b0-9473-d8ff38252b31,eeqayafsbxvrvpiycbir,GET,/rest/v1/rate_limits,?select=*&user_id=eq.fdea8ef7-bab4-44aa-8e6b-b6ee49ef105f&order=id.desc&limit=1,200,1770484114994000
POST | 204 | 54.159.165.80 | 9ca47d4dbb0220d0 | https://eeqayafsbxvrvpiycbir.supabase.co/rest/v1/rpc/increment_global_stat | node,fb0c6e41-82f5-4e22-b882-1126ebe7dad3,eeqayafsbxvrvpiycbir,POST,/rest/v1/rpc/increment_global_stat,null,204,1770484108445000
POST | 200 | 54.159.165.80 | 9ca47d4d6aae20d0 | https://eeqayafsbxvrvpiycbir.supabase.co/rest/v1/rpc/get_theme_progress | node,31506924-dc7d-488c-80bb-ad0a5065c098,eeqayafsbxvrvpiycbir,POST,/rest/v1/rpc/get_theme_progress,null,200,1770484108402000
POST | 201 | 54.159.165.80 | 9ca47d4d1c978005 | https://eeqayafsbxvrvpiycbir.supabase.co/rest/v1/audit_logs | node,a8a0c210-303b-4300-90bb-08687b19cf5d,eeqayafsbxvrvpiycbir,POST,/rest/v1/audit_logs,null,201,1770484108343000
PATCH | 204 | 54.159.165.80 | 9ca47d4c999e20d0 | https://eeqayafsbxvrvpiycbir.supabase.co/rest/v1/rate_limits?id=eq.29fc4477-2717-4a63-85bc-952f42e157e7 | node,e9340341-b63a-4154-b1d8-0091c604e10a,eeqayafsbxvrvpiycbir,PATCH,/rest/v1/rate_limits,?id=eq.29fc4477-2717-4a63-85bc-952f42e157e7,204,1770484108271000
GET | 200 | 54.159.165.80 | 9ca47d4c294920d0 | https://eeqayafsbxvrvpiycbir.supabase.co/rest/v1/rate_limits?select=*&user_id=eq.fdea8ef7-bab4-44aa-8e6b-b6ee49ef105f&order=id.desc&limit=1 | node,9fc92e55-ec39-4e35-a698-afeab46a0544,eeqayafsbxvrvpiycbir,GET,/rest/v1/rate_limits,?select=*&user_id=eq.fdea8ef7-bab4-44aa-8e6b-b6ee49ef105f&order=id.desc&limit=1,200,1770484108201000
POST | 204 | 54.159.165.80 | 9ca47d2d4d7d90be | https://eeqayafsbxvrvpiycbir.supabase.co/rest/v1/rpc/increment_global_stat | node,bb731ab8-43d6-43d3-b7f8-4af070e58049,eeqayafsbxvrvpiycbir,POST,/rest/v1/rpc/increment_global_stat,null,204,1770484103254000
POST | 200 | 54.159.165.80 | 9ca47d2cec5190be | https://eeqayafsbxvrvpiycbir.supabase.co/rest/v1/rpc/get_theme_progress | node,d0cf8b93-ec51-4391-ae8a-1068423a119e,eeqayafsbxvrvpiycbir,POST,/rest/v1/rpc/get_theme_progress,null,200,1770484103197000
POST | 201 | 54.159.165.80 | 9ca47d2c98bdd670 | https://eeqayafsbxvrvpiycbir.supabase.co/rest/v1/audit_logs | node,e3ec6cdd-b5c6-4377-a951-98606fa8e3f0,eeqayafsbxvrvpiycbir,POST,/rest/v1/audit_logs,null,201,1770484103144000
PATCH | 204 | 54.159.165.80 | 9ca47d2c4a8b90be | https://eeqayafsbxvrvpiycbir.supabase.co/rest/v1/rate_limits?id=eq.29fc4477-2717-4a63-85bc-952f42e157e7 | node,85395fa1-11f1-4aaa-98b0-ced6c3b7e8dc,eeqayafsbxvrvpiycbir,PATCH,/rest/v1/rate_limits,?id=eq.29fc4477-2717-4a63-85bc-952f42e157e7,204,1770484103093000
GET | 200 | 54.159.165.80 | 9ca47d2bb8f690be | https://eeqayafsbxvrvpiycbir.supabase.co/rest/v1/rate_limits?select=*&user_id=eq.fdea8ef7-bab4-44aa-8e6b-b6ee49ef105f&order=id.desc&limit=1 | node,e4cee9ad-0c2d-403f-8e00-5065f01f66a6,eeqayafsbxvrvpiycbir,GET,/rest/v1/rate_limits,?select=*&user_id=eq.fdea8ef7-bab4-44aa-8e6b-b6ee49ef105f&order=id.desc&limit=1,200,1770484103014000
POST | 204 | 54.159.165.80 | 9ca47d087d6a8218 | https://eeqayafsbxvrvpiycbir.supabase.co/rest/v1/rpc/increment_global_stat | node,e273be5e-63b6-4d18-936d-b26f1b3b2de9,eeqayafsbxvrvpiycbir,POST,/rest/v1/rpc/increment_global_stat,null,204,1770484097369000
POST | 200 | 54.159.165.80 | 9ca47d082d118218 | https://eeqayafsbxvrvpiycbir.supabase.co/rest/v1/rpc/get_theme_progress | node,baa867a0-9fdd-4a98-9553-ebf4157cd4a3,eeqayafsbxvrvpiycbir,POST,/rest/v1/rpc/get_theme_progress,null,200,1770484097321000
POST | 201 | 54.159.165.80 | 9ca47d07d9fd0a95 | https://eeqayafsbxvrvpiycbir.supabase.co/rest/v1/audit_logs | node,c0a611cf-34aa-4796-baeb-6625147c1c5e,eeqayafsbxvrvpiycbir,POST,/rest/v1/audit_logs,null,201,1770484097268000
PATCH | 204 | 54.159.165.80 | 9ca47d078c738218 | https://eeqayafsbxvrvpiycbir.supabase.co/rest/v1/rate_limits?id=eq.29fc4477-2717-4a63-85bc-952f42e157e7 | node,b306ce73-8d76-4457-a094-7e9ea6b7dea4,eeqayafsbxvrvpiycbir,PATCH,/rest/v1/rate_limits,?id=eq.29fc4477-2717-4a63-85bc-952f42e157e7,204,1770484097217000
GET | 200 | 54.159.165.80 | 9ca47d072c128218 | https://eeqayafsbxvrvpiycbir.supabase.co/rest/v1/rate_limits?select=*&user_id=eq.fdea8ef7-bab4-44aa-8e6b-b6ee49ef105f&order=id.desc&limit=1 | node,ec686a97-d89f-4ace-b5bb-df68075fb849,eeqayafsbxvrvpiycbir,GET,/rest/v1/rate_limits,?select=*&user_id=eq.fdea8ef7-bab4-44aa-8e6b-b6ee49ef105f&order=id.desc&limit=1,200,1770484097167000
POST | 204 | 54.159.165.80 | 9ca47cf11c278218 | https://eeqayafsbxvrvpiycbir.supabase.co/rest/v1/rpc/increment_global_stat | node,f20ce902-e5a8-48f1-b1a6-ea84662f2b75,eeqayafsbxvrvpiycbir,POST,/rest/v1/rpc/increment_global_stat,null,204,1770484093632000
POST | 200 | 54.159.165.80 | 9ca47cf02ad08218 | https://eeqayafsbxvrvpiycbir.supabase.co/rest/v1/rpc/get_theme_progress | node,7d8c8b31-f684-4444-b252-6869b1601ace,eeqayafsbxvrvpiycbir,POST,/rest/v1/rpc/get_theme_progress,null,200,1770484093481000
POST | 201 | 54.159.165.80 | 9ca47cefdee60a95 | https://eeqayafsbxvrvpiycbir.supabase.co/rest/v1/audit_logs | node,b67484b3-63ee-4911-8ac4-a34e734fdebd,eeqayafsbxvrvpiycbir,POST,/rest/v1/audit_logs,null,201,1770484093423000
PATCH | 204 | 54.159.165.80 | 9ca47cef7a1d8218 | https://eeqayafsbxvrvpiycbir.supabase.co/rest/v1/rate_limits?id=eq.29fc4477-2717-4a63-85bc-952f42e157e7 | node,efc589fe-1004-4303-9952-aec38562c3cc,eeqayafsbxvrvpiycbir,PATCH,/rest/v1/rate_limits,?id=eq.29fc4477-2717-4a63-85bc-952f42e157e7,204,1770484093372000
GET | 200 | 54.159.165.80 | 9ca47cef29af8218 | https://eeqayafsbxvrvpiycbir.supabase.co/rest/v1/rate_limits?select=*&user_id=eq.fdea8ef7-bab4-44aa-8e6b-b6ee49ef105f&order=id.desc&limit=1 | node,fe9573b2-25bb-457d-a216-dfd73df1f476,eeqayafsbxvrvpiycbir,GET,/rest/v1/rate_limits,?select=*&user_id=eq.fdea8ef7-bab4-44aa-8e6b-b6ee49ef105f&order=id.desc&limit=1,200,1770484093316000
POST | 204 | 54.159.165.80 | 9ca47cd80e998218 | https://eeqayafsbxvrvpiycbir.supabase.co/rest/v1/rpc/increment_global_stat | node,33c98571-88c4-4068-a473-7ce62a84942f,eeqayafsbxvrvpiycbir,POST,/rest/v1/rpc/increment_global_stat,null,204,1770484089619000
GET | 200 | 54.159.165.80 | 9ca47cd77c840a95 | https://eeqayafsbxvrvpiycbir.supabase.co/rest/v1/story_chapters?select=*%2Cthemes%21inner%28name%29&themes.name=eq.comedy&chapter_number=eq.2&is_active=eq.true | node,90267003-03c6-499d-8db1-ac67e8815075,eeqayafsbxvrvpiycbir,GET,/rest/v1/story_chapters,?select=*%2Cthemes%21inner%28name%29&themes.name=eq.comedy&chapter_number=eq.2&is_active=eq.true,200,1770484089540000
HEAD | 200 | 54.159.165.80 | 9ca47cd74e113919 | https://eeqayafsbxvrvpiycbir.supabase.co/rest/v1/story_chapters?select=*%2Cthemes%21inner%28name%29&themes.name=eq.comedy&is_active=eq.true | node,ca3fbcb3-aa02-42a8-9211-642f9f4b5801,eeqayafsbxvrvpiycbir,HEAD,/rest/v1/story_chapters,?select=*%2Cthemes%21inner%28name%29&themes.name=eq.comedy&is_active=eq.true,200,1770484089490000
POST | 200 | 54.159.165.80 | 9ca47cd6fc140a95 | https://eeqayafsbxvrvpiycbir.supabase.co/rest/v1/rpc/get_theme_progress | node,2298fd6b-77ef-4f86-8e0e-f9c8592c949a,eeqayafsbxvrvpiycbir,POST,/rest/v1/rpc/get_theme_progress,null,200,1770484089447000
PATCH | 204 | 54.159.165.80 | 9ca47cd6bd9d3919 | https://eeqayafsbxvrvpiycbir.supabase.co/rest/v1/user_progress?user_id=eq.fdea8ef7-bab4-44aa-8e6b-b6ee49ef105f | node,896932d0-ebc4-4681-a625-4fe6904f498c,eeqayafsbxvrvpiycbir,PATCH,/rest/v1/user_progress,?user_id=eq.fdea8ef7-bab4-44aa-8e6b-b6ee49ef105f,204,1770484089406000
GET | 200 | 54.159.165.80 | 9ca47cd66b930a95 | https://eeqayafsbxvrvpiycbir.supabase.co/rest/v1/user_progress?select=*&user_id=eq.fdea8ef7-bab4-44aa-8e6b-b6ee49ef105f | node,cc43f35b-3534-498a-8394-92c638d833d0,eeqayafsbxvrvpiycbir,GET,/rest/v1/user_progress,?select=*&user_id=eq.fdea8ef7-bab4-44aa-8e6b-b6ee49ef105f,200,1770484089361000
GET | 200 | 54.159.165.80 | 9ca47cd61d183919 | https://eeqayafsbxvrvpiycbir.supabase.co/rest/v1/themes?select=name&name=eq.comedy&is_active=eq.true | node,cad18f13-64db-4928-aedb-1289c37d011d,eeqayafsbxvrvpiycbir,GET,/rest/v1/themes,?select=name&name=eq.comedy&is_active=eq.true,200,1770484089310000
POST | 201 | 54.159.165.80 | 9ca47cd5cb280a95 | https://eeqayafsbxvrvpiycbir.supabase.co/rest/v1/audit_logs | node,f0067dbe-6218-47d2-9850-f9ed086cb98c,eeqayafsbxvrvpiycbir,POST,/rest/v1/audit_logs,null,201,1770484089261000
PATCH | 204 | 54.159.165.80 | 9ca47cd56c4c3919 | https://eeqayafsbxvrvpiycbir.supabase.co/rest/v1/rate_limits?id=eq.29fc4477-2717-4a63-85bc-952f42e157e7 | node,fcbcb016-e18e-4a96-8820-d6df3d400038,eeqayafsbxvrvpiycbir,PATCH,/rest/v1/rate_limits,?id=eq.29fc4477-2717-4a63-85bc-952f42e157e7,204,1770484089199000
GET | 200 | 54.159.165.80 | 9ca47cd52c033919 | https://eeqayafsbxvrvpiycbir.supabase.co/rest/v1/rate_limits?select=*&user_id=eq.fdea8ef7-bab4-44aa-8e6b-b6ee49ef105f&order=id.desc&limit=1 | node,11c9f558-9a76-4eeb-ac61-f5c763081850,eeqayafsbxvrvpiycbir,GET,/rest/v1/rate_limits,?select=*&user_id=eq.fdea8ef7-bab4-44aa-8e6b-b6ee49ef105f&order=id.desc&limit=1,200,1770484089158000
POST | 200 | 54.159.165.80 | 9ca47cb058acc9a4 | https://eeqayafsbxvrvpiycbir.supabase.co/rest/v1/rpc/check_onboarding_bonus_status | node,04d69fc3-f401-4deb-9f88-cd294c96cbeb,eeqayafsbxvrvpiycbir,POST,/rest/v1/rpc/check_onboarding_bonus_status,null,200,1770484083263000
POST | 200 | 54.159.165.80 | 9ca47caf1cffc9a4 | https://eeqayafsbxvrvpiycbir.supabase.co/rest/v1/rpc/get_user_event_stats | node,7ef033b7-3943-4e93-b208-698b3cf06a2d,eeqayafsbxvrvpiycbir,POST,/rest/v1/rpc/get_user_event_stats,null,200,1770484083059000
POST | 200 | 54.159.165.80 | 9ca47caedc26c9a4 | https://eeqayafsbxvrvpiycbir.supabase.co/rest/v1/rpc/get_active_event | node,f1c193ac-2255-41ac-985d-604744fd56a4,eeqayafsbxvrvpiycbir,POST,/rest/v1/rpc/get_active_event,null,200,1770484083024000
GET | 200 | 54.159.165.80 | 9ca47cae9f1723ad | https://eeqayafsbxvrvpiycbir.supabase.co/rest/v1/user_progress?select=*&user_id=eq.745e730d-1ecb-4a04-8f82-b167c3a99530 | node,f8591383-51d7-4056-90c7-b5a4c73710d1,eeqayafsbxvrvpiycbir,GET,/rest/v1/user_progress,?select=*&user_id=eq.745e730d-1ecb-4a04-8f82-b167c3a99530,200,1770484082983000
POST | 200 | 54.159.165.80 | 9ca47cae3a72c9a4 | https://eeqayafsbxvrvpiycbir.supabase.co/rest/v1/rpc/get_user_rank | node,9c6b93b1-ed43-4827-8e6e-5ca6cdd115f3,eeqayafsbxvrvpiycbir,POST,/rest/v1/rpc/get_user_rank,null,200,1770484082922000
GET | 200 | 54.159.165.80 | 9ca47cad2b0923ad | https://eeqayafsbxvrvpiycbir.supabase.co/rest/v1/user_progress?select=total_pp%2Cchapters_completed%2Cthemes_completed&user_id=eq.745e730d-1ecb-4a04-8f82-b167c3a99530 | node,b2d7eedd-02c0-4290-9dbe-2cdad5fdda2d,eeqayafsbxvrvpiycbir,GET,/rest/v1/user_progress,?select=total_pp%2Cchapters_completed%2Cthemes_completed&user_id=eq.745e730d-1ecb-4a04-8f82-b167c3a99530,200,1770484082818000
HEAD | 200 | 54.159.165.80 | 9ca47cac782bd63b | https://eeqayafsbxvrvpiycbir.supabase.co/rest/v1/themes?select=*&is_active=eq.true | node,d7247a3b-3d83-40ae-8371-d1f68c647902,eeqayafsbxvrvpiycbir,HEAD,/rest/v1/themes,?select=*&is_active=eq.true,200,1770484082654000
GET | 200 | 54.159.165.80 | 9ca47cac2ee823ad | https://eeqayafsbxvrvpiycbir.supabase.co/rest/v1/users?select=*&id=eq.745e730d-1ecb-4a04-8f82-b167c3a99530 | node,d59e3f60-38a5-4a0d-846f-760c5927657c,eeqayafsbxvrvpiycbir,GET,/rest/v1/users,?select=*&id=eq.745e730d-1ecb-4a04-8f82-b167c3a99530,200,1770484082591000
POST | 201 | 54.159.165.80 | 9ca47cabbdecd63b | https://eeqayafsbxvrvpiycbir.supabase.co/rest/v1/audit_logs | node,f64c3fb4-b649-4062-85c0-e0388812514d,eeqayafsbxvrvpiycbir,POST,/rest/v1/audit_logs,null,201,1770484082538000
POST | 200 | 54.159.165.80 | 9ca47c79de4e0814 | https://eeqayafsbxvrvpiycbir.supabase.co/rest/v1/rpc/check_onboarding_bonus_status | node,087ae2fa-7ff8-4fb3-a686-9b95b48b5796,eeqayafsbxvrvpiycbir,POST,/rest/v1/rpc/check_onboarding_bonus_status,null,200,1770484074551000
PATCH | 200 | 54.159.165.80 | 9ca47c796dec0814 | https://eeqayafsbxvrvpiycbir.supabase.co/rest/v1/users?telegram_id=eq.7224027730&select=* | node,ca518f13-ccde-41c6-be77-2ffc2156dcaf,eeqayafsbxvrvpiycbir,PATCH,/rest/v1/users,?telegram_id=eq.7224027730&select=*,200,1770484074481000
GET | 200 | 54.159.165.80 | 9ca47c790d820814 | https://eeqayafsbxvrvpiycbir.supabase.co/rest/v1/users?select=*&telegram_id=eq.7224027730 | node,2e3d09d4-7b94-4f26-a4ae-7a39b2c42018,eeqayafsbxvrvpiycbir,GET,/rest/v1/users,?select=*&telegram_id=eq.7224027730,200,1770484074420000
GET | 200 | 54.159.165.80 | 9ca47c2f78d7c987 | https://eeqayafsbxvrvpiycbir.supabase.co/rest/v1/event_leaderboard?select=total_pp%2Cchapters_completed%2Clast_updated%2Cuser_id%2Cusers%28first_name%29&theme=eq.f983b046-bf41-4b73-b75d-65dee6101288&order=total_pp.desc&limit=100 | node,9935a0a6-fd0c-44bc-8d8c-e0de99e1960b,eeqayafsbxvrvpiycbir,GET,/rest/v1/event_leaderboard,?select=total_pp%2Cchapters_completed%2Clast_updated%2Cuser_id%2Cusers%28first_name%29&theme=eq.f983b046-bf41-4b73-b75d-65dee6101288&order=total_pp.desc&limit=100,200,1770484062648000
GET | 406 | 54.159.165.80 | 9ca47c2f2fabc987 | https://eeqayafsbxvrvpiycbir.supabase.co/rest/v1/themes?select=name&name=ilike.f983b046-bf41-4b73-b75d-65dee6101288 | node,8c8dc119-9297-4566-b4b7-7785d57ead44,eeqayafsbxvrvpiycbir,GET,/rest/v1/themes,?select=name&name=ilike.f983b046-bf41-4b73-b75d-65dee6101288,406,1770484062601000
POST | 200 | 54.159.165.80 | 9ca47c2ece3ac987 | https://eeqayafsbxvrvpiycbir.supabase.co/rest/v1/rpc/get_active_event | node,a3889a0c-854b-4fc4-9da7-2753fa23cb57,eeqayafsbxvrvpiycbir,POST,/rest/v1/rpc/get_active_event,null,200,1770484062536000
POST | 200 | 3.81.130.252 | 9ca47c2beedbc9b0 | https://eeqayafsbxvrvpiycbir.supabase.co/rest/v1/rpc/get_leaderboard_stats | node,7641db45-208a-4eca-9696-506c7c531848,eeqayafsbxvrvpiycbir,POST,/rest/v1/rpc/get_leaderboard_stats,null,200,1770484062101000